[Database]
Id:1 Name:John Email:john@example.com
Id:2 Name:Alice Email:alice@example.com
Id:3 Name:Bob Email:bob@example.com
Id:4 Name:Michael Email:michael@example.com
Id:5 Name:Sarah Email:sarah@example.com
Id:6 Name:David Email:david@example.com
Id:7 Name:Linda Email:linda@example.com
Id:8 Name:Peter Email:peter@example.com
Id:9 Name:Julia Email:julia@example.com
Id:10 Name:Thomas Email:thomas@example.com
Id:11 Name:Emily Email:emily@example.com
Id:12 Name:Richard Email:richard@example.com
Id:13 Name:Susan Email:susan@example.com
Id:14 Name:George Email:george@example.com
Id:15 Name:Maria Email:maria@example.com
Id:16 Name:Steven Email:steven@example.com
Id:17 Name:Elizabeth Email:elizabeth@example.com
Id:18 Name:Paul Email:paul@example.com
Id:19 Name:Laura Email:laura@example.com
Id:20 Name:Daniel Email:daniel@example.com
Id:21 Name:Carol Email:carol@example.com
Id:22 Name:Kevin Email:kevin@example.com
Id:23 Name:Karen Email:karen@example.com
Id:24 Name:Andrew Email:andrew@example.com
Id:25 Name:Catherine Email:catherine@example.com
Id:26 Name:Mark Email:mark@example.com
Id:27 Name:Christine Email:christine@example.com
Id:28 Name:Robert Email:robert@example.com
Id:29 Name:Amy Email:amy@example.com
Id:30 Name:Jason Email:jason@example.com
Id:31 Name:Stephanie Email:stephanie@example.com
Id:32 Name:Patrick Email:patrick@example.com
Id:33 Name:Rebecca Email:rebecca@example.com
Id:34 Name:Kenneth Email:kenneth@example.com
Id:35 Name:Nicole Email:nicole@example.com
Id:36 Name:Edward Email:edward@example.com
Id:37 Name:Michelle Email:michelle@example.com
Id:38 Name:William Email:william@example.com
Id:39 Name:Jessica Email:jessica@example.com
Id:40 Name:Christopher Email:christopher@example.com
Id:41 Name:Samantha Email:samantha@example.com
Id:42 Name:Ryan Email:ryan@example.com
Id:43 Name:Melissa Email:melissa@example.com
Id:44 Name:Jonathan Email:jonathan@example.com
Id:45 Name:Christina Email:christina@example.com
Id:46 Name:Charles Email:charles@example.com
Id:47 Name:Anna Email:anna@example.com
Id:48 Name:Eric Email:eric@example.com
Id:49 Name:Kimberly Email:kimberly@example.com
Id:50 Name:Jeffrey Email:jeffrey@example.com
Id:51 Name:Natalie Email:natalie@example.com
Id:52 Name:Scott Email:scott@example.com
Id:53 Name:Sandra Email:sandra@example.com
Id:54 Name:Brian Email:brian@example.com
Id:55 Name:Rachel Email:rachel@example.com
Id:56 Name:Timothy Email:timothy@example.com
Id:57 Name:Amanda Email:amanda@example.com
Id:58 Name:Kevin Email:kevin@example.com
Id:59 Name:Carolyn Email:carolyn@example.com
Id:60 Name:Justin Email:justin@example.com
Id:61 Name:Heather Email:heather@example.com
Id:62 Name:Samuel Email:samuel@example.com
Id:63 Name:Angela Email:angela@example.com
Id:64 Name:Gregory Email:gregory@example.com
Id:65 Name:Emily Email:emily@example.com
Id:66 Name:Phillip Email:phillip@example.com
Id:67 Name:Catherine Email:catherine@example.com
Id:68 Name:Stephen Email:stephen@example.com
Id:69 Name:Kristen Email:kristen@example.com
Id:70 Name:Kyle Email:kyle@example.com
Id:71 Name:Sara Email:sara@example.com
Id:72 Name:Keith Email:keith@example.com
Id:73 Name:Tiffany Email:tiffany@example.com
Id:74 Name:Brandon Email:brandon@example.com
Id:75 Name:Diana Email:diana@example.com
Id:76 Name:Jesse Email:jesse@example.com
Id:77 Name:Linda Email:linda@example.com
Id:78 Name:Philip Email:philip@example.com
Id:79 Name:Katherine Email:katherine@example.com
Id:80 Name:Douglas Email:douglas@example.com
Id:81 Name:Kelly Email:kelly@example.com
Id:82 Name:Dennis Email:dennis@example.com
Id:83 Name:Deborah Email:deborah@example.com
Id:84 Name:Jordan Email:jordan@example.com
Id:85 Name:Anna Email:anna@example.com
Id:86 Name:Roger Email:roger@example.com
Id:87 Name:Margaret Email:margaret@example.com
Id:88 Name:Jonathan Email:jonathan@example.com
Id:89 Name:Kathryn Email:kathryn@example.com
Id:90 Name:Jose Email:jose@example.com
Id:91 Name:Christina Email:christina@example.com
Id:92 Name:Raymond Email:raymond@example.com
Id:93 Name:Marie Email:marie@example.com
Id:94 Name:Adam Email:adam@example.com
Id:95 Name:Hannah Email:hannah@example.com
Id:96 Name:Alan Email:alan@example.com
Id:97 Name:Dorothy Email:dorothy@example.com
Id:98 Name:Kyle Email:kyle@example.com
Id:99 Name:Teresa Email:teresa@example.com
Id:100 Name:Matthew Email:matthew@example.com
Id:101 Name:abcd Email:abcd@abcd.com